<?xml version="1.0" encoding="utf-8"?>
<odoo>
    <data noupdate="1">
        <record id="seq_surat_peringatan" model="ir.sequence">
            <field name="name">Surat Peringatan</field>
            <field name="code">surat.peringatan</field>
            <field name="suffix">/TEP-HO/%(month)s/%(year)s</field>
            <field name="padding">3</field>
            <field name="implementation">no_gap</field>
            <field name="company_id" eval="False"/>
        </record>
    </data>
</odoo>
