<odoo>
	<data>
		<record id="ir_cron_module_sp_scheduler" model="ir.cron">
            <field name="name">SP Scheduler</field>
            <field eval="True" name="active" />
            <field name="user_id" ref="base.user_root" />
            <field name="interval_number">1</field>
            <field name="interval_type">minutes</field>
            <field name="numbercall">-1</field>
            <field name="nextcall" eval="(DateTime.now() + timedelta(minutes=1)).strftime('%Y-%m-%d %H:%M:%S')" />
            <field eval="False" name="doall" />
            <field name="model">surat.peringatan</field>
            <field name="function">terminate_sp</field>
            <field name="priority">1</field>
        </record>
	</data>
</odoo>